{"cameraMode":{"drawMode":0,"name":"Shaded","section":"Shading Mode"},"sceneLighting":false,"audioPlay":false,"sceneViewState":{"showFog":true,"showMaterialUpdate":false,"showSkybox":false,"showFlares":true,"showImageEffects":true,"showParticleSystems":true},"in2DMode":false,"pivot":{"x":843.05078125,"y":218.81048583984376,"z":187.7425537109375},"rotation":{"x":-0.23925244808197022,"y":0.10317571461200714,"z":-0.025577206164598466,"w":-0.9651212096214294},"size":1201.85498046875,"orthographic":false}