{"cameraMode":{"drawMode":0,"name":"Shaded","section":"Shading Mode"},"sceneLighting":true,"audioPlay":false,"sceneViewState":{"showFog":true,"showMaterialUpdate":false,"showSkybox":true,"showFlares":true,"showImageEffects":true,"showParticleSystems":true},"in2DMode":false,"pivot":{"x":673.432861328125,"y":205.03512573242188,"z":38.590675354003909},"rotation":{"x":-0.23040631413459779,"y":0.005838006269186735,"z":-0.001385084935463965,"w":-0.9730760455131531},"size":763.6115112304688,"orthographic":true}