{"cameraMode":{"drawMode":0,"name":"Shaded","section":"Shading Mode"},"sceneLighting":true,"audioPlay":false,"sceneViewState":{"showFog":true,"showMaterialUpdate":false,"showSkybox":true,"showFlares":true,"showImageEffects":true,"showParticleSystems":true},"in2DMode":false,"pivot":{"x":716.3741455078125,"y":284.829833984375,"z":277.52642822265627},"rotation":{"x":-0.01648513413965702,"y":-0.0419832207262516,"z":0.0006929421797394753,"w":-0.9989821314811707},"size":687.0859985351563,"orthographic":true}