{"cameraMode":{"drawMode":0,"name":"Shaded","section":"Shading Mode"},"sceneLighting":false,"audioPlay":false,"sceneViewState":{"showFog":true,"showMaterialUpdate":false,"showSkybox":false,"showFlares":true,"showImageEffects":true,"showParticleSystems":true},"in2DMode":false,"pivot":{"x":-0.016014456748962404,"y":0.10471891611814499,"z":0.005183274857699871},"rotation":{"x":-0.2368593066930771,"y":0.7625030875205994,"z":-0.40750378370285036,"w":-0.4432014226913452},"size":0.6144630908966065,"orthographic":false}