{"cameraMode":{"drawMode":0,"name":"Shaded","section":"Shading Mode"},"sceneLighting":true,"audioPlay":false,"sceneViewState":{"showFog":true,"showMaterialUpdate":false,"showSkybox":true,"showFlares":true,"showImageEffects":true,"showParticleSystems":true},"in2DMode":false,"pivot":{"x":1.0348596572875977,"y":0.5259237289428711,"z":-2.8037214279174806},"rotation":{"x":-0.19839999079704286,"y":0.7306755185127258,"z":-0.23834095895290376,"w":-0.6082305908203125},"size":9.478079795837403,"orthographic":false}