{"cameraMode":{"drawMode":0,"name":"Shaded","section":"Shading Mode"},"sceneLighting":false,"audioPlay":false,"sceneViewState":{"showFog":true,"showMaterialUpdate":false,"showSkybox":false,"showFlares":true,"showImageEffects":true,"showParticleSystems":true},"in2DMode":false,"pivot":{"x":-13.020000457763672,"y":0.8100000023841858,"z":0.0},"rotation":{"x":-0.2287634313106537,"y":0.03941338136792183,"z":-0.009270095266401768,"w":-0.9726397395133972},"size":28.649723052978517,"orthographic":true}