{"cameraMode":{"drawMode":0,"name":"Shaded","section":"Shading Mode"},"sceneLighting":true,"audioPlay":false,"sceneViewState":{"showFog":true,"showMaterialUpdate":false,"showSkybox":true,"showFlares":true,"showImageEffects":true,"showParticleSystems":true},"in2DMode":false,"pivot":{"x":4.109808921813965,"y":-1.0708057880401612,"z":-1.3126194477081299},"rotation":{"x":-0.2368593066930771,"y":0.7625030875205994,"z":-0.40750378370285036,"w":-0.4432014226913452},"size":3.0743188858032228,"orthographic":false}