{"cameraMode":{"drawMode":0,"name":"Shaded","section":"Shading Mode"},"sceneLighting":true,"audioPlay":false,"sceneViewState":{"showFog":true,"showMaterialUpdate":false,"showSkybox":true,"showFlares":true,"showImageEffects":true,"showParticleSystems":true},"in2DMode":false,"pivot":{"x":1002.313720703125,"y":215.53721618652345,"z":30.570783615112306},"rotation":{"x":-0.17458033561706544,"y":0.014768676832318306,"z":-0.0026215568650513889,"w":-0.9845287203788757},"size":580.8013916015625,"orthographic":true}