{"cameraMode":{"drawMode":0,"name":"Shaded","section":"Shading Mode"},"sceneLighting":true,"audioPlay":false,"sceneViewState":{"showFog":true,"showMaterialUpdate":false,"showSkybox":true,"showFlares":true,"showImageEffects":true,"showParticleSystems":true},"in2DMode":false,"pivot":{"x":404.2900390625,"y":128.38351440429688,"z":30.003124237060548},"rotation":{"x":-0.012000100687146187,"y":-0.0015008385526016355,"z":0.00001762898864399176,"w":-0.9999268651008606},"size":884.4539184570313,"orthographic":true}